"sentence","label"
"Recently, I have noticed almost everyone around the globe is complaining about keep forgetting things.","tell"
"It may include work life, daily life, general tasks from giving someone a glass of water to performing an engineering or construction work through calculations and measurements.","tell"
"However, we cannot ignore these matters, instead we need to find solutions to these problems of forgetting things that matters to others and us, especially in professional life, which includes office works, Businesses, share markets etc.","tell"
"There are situations when one human error or carelessness in form of forgetting to perform that particular task can serve as a severe blow for the Businesses and nations around the world.","tell"
"Therefore, to act and overcome our weaknesses are must to succeed and earn respect in society.","tell"
"Furthermore, the possible consequences of making errors and forgetting things could be huge financial losses.","tell"
"The best illustration is in the past when the staff in the stock exchange of Tokyo while transferring the information for data release in Japanese stock market Nikkei led to 427 billion yen loss.","tell"
"It happened due to human error of writing million instead of billion with mathematical figure.","tell"
"Other possible and weird solution that actually works for my close friends and loved ones is to write on a Dairy or notebook, and then take a picture of that note and set that note as a desktop background or wallpaper on your PC, I pad or whatever gadgets we are using in our daily life.","tell"
"Whatever, the way we choose, the main purpose is to make it a habit in our daily life to not to forget our tasks and especially professional tasks.","tell"
"These simple and weird solutions and changes can save our precious time and resources in our lifetime to overcome the fear of forgetting tasks, which matters to us.","tell"
"In the end, determination of changing ourselves and overcoming our limitations and weaknesses can provide us with the best thing in our life, which is happiness and self- satisfaction along with peace of mind.","tell"
"Let us start writing from now onwards whatever matters to us and prioritise our tasks.","tell"
"With our determination and assistance of and for our loved ones, we can overcome any habit and problem that may threaten to block the way to success in our lifetime.","tell"
"This Hindi story is all about the behavior of our society where a women always pay for her suffering.","tell"
"Numerous challenges in workplaces and competition in modern world throughout human lives are daunting for us, which may be the factors behind all these","tell"
"It may also put ones employment under scanner and can damage ones reputation, as if a person is good for nothing.","tell"
"I am busy playing with my friends.","tell"
"Our ‘batch’ is now fully trained.","tell"
"My team mate and I are surprised to receive back gunfire.","tell"
"Unfortunately, my team leader is not alive to answer the questions.","tell"
"I am satisfied.","tell"
"I am not convinced that what I have done is right.","tell"
"This past year was worse than a nightmare for me.","tell"
"But it is good that they disowned me and refused to see me.","tell"
"I am speechless.","tell"
"A girl writing this title to a essay is not common I guess.","tell"
"Marrying is not always necessary.","tell"
"Hope I am able to make it realize to a few persons who are reading this article.","tell"
"This splendid city was famous all over the world for its grand architectural buildings and the wealthy and powerful eleven lords, who were popularly called ‘the eleven of Forres’.","unknown"
"It was known that not even a single slave has been able to escape from Forres in these thousands of years.","unknown"
"The fate of others, who refused or either failed to carry out the commands of the eleven was also terrible.","tell"
"Even if anyone offered food to these starving slaves, they refused to eat, preferring death over slavery, as they believed that graves were more beautiful than the city of Forres as there were no masters.","tell"
"The city of Forres was not just famous for its huge inhabitant slave populations, it was said that Forres was the greatest city that ever was or will be.","tell"
"It was said that 10 thousand slaves had died while building the greatest castle of Forres and its towers went as high as the sky and it was impossible for any man living to destroy it.","tell"
"The eleven masters of Forres, had become lost in illusion of their power, strength, and wealth.","tell"
"The walls of Forres always stopped them, for they were so high that no ladder could climb them, and so strong that no cannon could breach them.","unknown"
"But Edark was not ready to give up so easily.","tell"
"Edark took the control of the city and announced the liberation and freedom of every slave of Forres and declared that the city of Forres shall always remain free from now and the times to come.","tell"
"As had been already feared by some wise men of Edark that it would be difficult to teach the slaves of Forres how to live as the free men, just after some days after taking the city of Forres, many old slave men started coming to Edark and complained that they are finding it difficult to live without being locked in the chains.","tell"
"Those who had become habitual of living in the slavery couldn’t make it to live in the life of freedom that Edark had offered them and they left the city of Forres forever.","tell"
"Only those who were young and had not lived a long life in the slavery, stayed at Forres and continued to live the life in freedom in rule of Edark’s successors happily ever after.","tell"
"This win was just like the bolt from the blue as India Team was in a great trouble, chances for winning this match were very little inasmuch as India were 131 runs for 7 wickets and it appeared too difficult to chase 231 runs in 47 overs of Sri Lanka team in accordance with Duc birth Luis rule.","tell"
"Quite an experience especially when you are new to this city.. and Manu is obviously enjoying it.","tell"
"Bangalore girls are stylish.. and lot of lipstick..","tell"
"He was thankful that the thing did not make any ugly jesture as they say!!","tell"
"And he was quite sure these are real men who disguise as ‘hijdas’ for a living.. a way to live..","tell"
"No cruel comments.. some how he found this one quite feminine .. but the smile.. was quite beautiful..","tell"
"Looked forward to meet her at the corporation circle and drove slow to have the signal turn red.. he wondered how she would respond when he give this 5 rupees to her.. she might do that blessing gesture.. but she would be happy as she knows him.. they are not strangers anymore..","tell"
"Husband was cool enough to say that ‘hijdas’ don’t eat people.. No.. they make ugly gestures.. they do…","tell"
"And the wife doesn’t look convinced.","tell"
"She was tired from all the sobbing, so she laid down, let alone the freezing snow.","tell"
"Finally, every ice-cream she tasted was bland as she lost a piece of a puzzle in her memory.","tell"
"It was common for everyone to overlook or forget the sad memories when there are so many good ones happening in their lives.","tell"
"The walls and ceiling are bare; only a bulb glows near the ceiling, above the small steel-door entrance with a tiny, barred window that is shut from outside.","show"
"Her tears were still warm as they dropped onto the snowy ground, leaving a pool of dots on it.","show"
"The area within these four walls is my world now.","show"
"We wait while the boat chugs on.","tell"
"My gun falls silent as I exhaust all my clips.","show"
"Before I can hurl a hand grenade a small posse of policemen pounce upon me.","tell"
"Days turned into weeks and weeks into months.","show"
"Hunger eluded me.","show"
"The words are reverberating in my ears and mind: “Holy war”, “Heaven”.","show"
"Suddenly the boards beneath my feet give way.","show"
"A last thought goes through my benumbed mind: “Holy war”, “Heaven”, “Hell”.","show"
"After marriage, a women has to become a super women, cope with many emotional difficulties which many atleast reduce her productivity in workplace even though she does not leaves job.","tell"
"The bike ride in Bangalore is an experience in itself..","tell"
"The 40 minutes ride where he took in the usual dose of carbon monoxide, totally unnecessary honks, few possible eye contacts through the helmet(killing looks!) and a web of thoughts .. weaving itself from one string to another as Manu crosses the signals..","show"
"The first job always doesn’t pay enough to stay alone..","tell"
"And brother (Sissy’s husband) is always a role model who is a big shot in a big company..","tell"
"Sun rays were not hiding in the clouds as it shone onto the surface like the diva in Broadway.","show"
"The sea was reflecting the beams turning them into glimmering dots as the water moved joyfully.","show"
"Since my day was pretty much ruined by their confrontation, I left my seat and joined the chaos.","tell"
"Even the cake was down in my stomach, the sweet scent was hiding in my teeth, waiting for me to take another bite.","show"
"I believed the latter was more reasonable.","tell"
"But his face soon turned red.","tell"
"I assured the waiter as his face turned white.","tell"
"I quickly grabbed her hands, pretending to be a psychopath who wanted to rape her.","tell"
"My actions were to make them realize that.","tell"
"Her face was bland.","tell"
"A moment later, my anger was fading and the living room was starting to feel cold, despite it was 30 degrees celsius outside.","tell"
"Festive music was playing and everyone was dancing harmoniously.","tell"
"It was sunset.","tell"
"She stretched her legs as her stomach growled.","show"
"But she could tell her mother had made a terrible mistake which made her father very angry, leading to her mother’s exile.","tell"
"Another thing was for sure, her birthday was ruined and her happy family was burnt into ashes.","tell"
"The voice told her to reach for those scenes and she would become a happy child again.","tell"
"I walked near the girl who found out her new powers.","tell"
"She finally noticed what her powers had cost her.","tell"
"Her lips were shivering.","show"
"Her smile reappeared.","show"
"The race had an entry fee.","tell"
"So they took loan and unfortunately no man who took loan could get out of interest-cycle.","tell"
"Cavalry followed them.","tell"
"Some vomited for extreme exhaustion.","tell"
"He saw the diamond was still glowing with the late afternoon sunshine – untouched.","tell"
"Riches waste more than they eat.","tell"
"Here the tension was quite palpable.","show"
"Diamond remained untouched.","tell"
"All left silent.","tell"
"Her silence was telling everything.","show"
"Well if I go by the chronological sequence of events involved in our Indian marriages, especially the North Indian ones, I may end up writing up a book, but to keep the things ‘crisp and short’ I follow the random path, and I am writing what ever funny comes to my mind, while witnessing such events and celebrations.","tell"
"He keeps us glued to our seats with his chantings.","show"
"Indian wedding are all about meeting with forlorn relatives of all kinds but the major attraction of the ceremony remains the ‘food-factor’ and of course the hordes of relatives who throng the stage with bride and groom, at times almost sitting on their laps, in urge of getting themselves clicked.","tell"
"The louder the band plays, more enthusiastic the uncles in the Baraat become, aunties in their stilettos are no less as they equally participate.","tell"
"Her parents have taken an LIC policy for her marriage to spend money openly for her marriage.","tell"
"After marriage, all the family members shown a lot of affection towards her but aftersome, Amita saw their real picture which was very cruel.","tell"
"She realized that she should keep her earned money which can support her anytime either in good or bad time.","tell"
"The whole day he scoured the huge cement walled dustbins of the city with his companions.","tell"
"It belonged to the drunk rickshawala, Kadam, who had started pestering his mother since the day his father disappeared.","tell"
"Scared that the same thing might happen again, he ran the remaining steps to his home, and pushed the door open.","tell"
"His entrance made his mother look up, immediately she hastened up to him, leading him inside.","tell"
"This stopped Kadam’s speech, and he seemed angry at his arrival.","tell"
"After counting with his fingers, it totalled to eleven rupees.","tell"
"The bump hurt him, he fell down and his head started reeling.","tell"
"His thoughts wandered to his mother again.","show"
"Cynicism,cruelty,selfishness exist everywhere.","tell"
"Once he saw the old man, he dragged him forward and moved out of the coffee house to the footpath that bordered the main road and the coffee house.","tell"
"The grip got harder and harder and more than the grip it was the old man’s staring eyes that did some harm; they were penetrating.","show"
"Although at first it might have seemed a friendly meeting, now it was taking a violent turn.","tell"
"My heart skip a beat as he started to chase me.","show"
"My hair stands, my spine shivers, my life comes to halt when I see that creature, that terrifying thing.","show"
"The setting sun had painted the canvass of the sky with orange, pink and gray shades.","show"
"Everything looked so perfect.","tell"
"Doctors diagnosed her with NPS syndrome, a rare disease which causes accelerated ageing, decreased fat and wrinkled skin.","tell"
"Her head was three times greater then that of normal child.","tell"
"Her eyesight faded.","tell"
"A book and a diary with a pen was her birthday present.","tell"
"The book depicted his journey from adversity to success to final redemption.","tell"
"Her romance with books kept on increasing as she read about other people who enlightened their lives with their mental strength and will power.","show"
"Shredded paper littered the Chloe’s bedroom floor like snow.","show"
"Tom’s hands refused to cease shaking.","show"
"Now the moment has come to draw money as per their wish.","tell"
"Now yoga guru said to rich man to wake up, who is in deep yoga and which even the doctors also cannot recognize he is not dead.","tell"
"Steering was steady and the right leg is full upon the accelerator.","show"
"Some intentions ran deep in the spine that urged his fingers to change their position towards the door unlocking button.","show"
"Unfortunately, both of his trials failed, later one and the former one after multiple futile efforts.","tell"
"Targeted towards unknown results for future, his thinking continued.","tell"
"Not able to estimate the magnitude that his deed can create for his family his hijacked brain continued to give orders for its nerves.","show"
"Brain sent the signals, the flux of signals started to boost up.","tell"
"Crashing sound came of the person kissing the smooth tar road, violent sounds of breaking ribs.","show"
"A loud tyre screeching sound came with the sudden break by the able driver.","show"
"He placed his left hand side fingers to check the breath as his right hand side was busy with holding the sling bag.","tell"
"Although the pain was still persistent, he made a habit of expressing his good and bad feeling on a paper.","tell"
"Anything can happen with any player or any team, no player or team can be blamed or held responsible for poor performance coupled with exceptional defeat.","tell"
"But neither the finely plotted dramas nor the influential people could win over Dr. Sen, a man of justice, his psychological tests and intuition.","show"
"The case file described the brutal murder of a middle-aged, robust business man by a nineteen year old girl.","tell"
"Her face was dead calm.","tell"
"They protested, and some even got furious.","tell"
"The​ lady,​​who ​caused​ ​injury​ ​left​ ​without​ ​showing​ ​sympathy.","tell"
"She ​was​ ​negotiating the fare​ ​with​ ​the​ ​taxi​ ​driver and ​saw​ ​the​ ​lady,​ ​who​ ​was​ ​struggling​ ​to​ ​meet​ ​her.","tell"
"The​ ​marriage​ ​was​ ​over​ ​with​ ​all​ ​the​ ​religious​ ​rituals.","tell"
"Guests, who attended the marriage ceremony ​disbursed​ ​to​ ​their​ ​respective​ ​places.","tell"
"Mistakes  are​ always​ ​ forgivable,​ if​​ one​ has ​​the courage ​to​ ​ admit​ them.","tell"
"Everything was now become easier for her, her studies were too going well, everything was going according to the plan and she was really happy with her decision.","tell"
"It took her seconds to recognize those eyes…","show"
"once again that intense look without even a single blink staring at her at the same constant way.","show"
"There were many people around them who got her attention and came to ask the reason, she explained everything and after knowing all that almost every man around them started abusing and pushing that guy, he tried to retaliate but the numbers game works and they started beating him very badly.","tell"
"She kept herself busy when realized about the letter that was still in her bag.","tell"
"Doctor eventually told her it was stress.","tell"
"Then she gets a text message from a co worker telling her that the job is laying workers off.","tell"
"My body blew up to a hundred pieces.","show"
"I glared at the man with all the hatred that I could muster onto my face, my nose flaring up in distaste at being juxtaposed into such close proximity with the likes of these dirty bodies.","show"
"It fueled my anger further at his audacity to follow us.","show"
"It was early October and the trees  had shed their leaves and everything was dry and dusty.","tell"
"The mobile kept buzzing on.","tell"
"Time kept on rolling while the car was steadily heading towards their hometown.","show"
"She was carrying a backpack that looked rather heavy.","tell"
"Her only embellishment was the infectious smile that was cavorting on her pink lips.","show"
"The cancer has gone into recession.","tell"
"Tears started streaming down my cheeks.","show"
"Tears welled up in her hazel eyes instantly.","show"
"Whenever they encountered each other on the racing tracks, tension ran high.","tell"
"That big event was to begin in a day from now, but a misfortune was keeping him awake the whole night.","show"
"He went over to the stall where his team of race horses stood.","tell"
"All were from the same litter and were almost identical in appearance, being jet black in colour with a white streak on the foreheads.","tell"
"Gaius used to sleep in the stable that housed the racing steeds.","tell"
"The morning was bright, grass green and birds were chirping in the orange trees.","tell"
"Shops had opened up, selling fruits, flowers, leather goods and such other oddities of household use.","tell"
"White arms reached out at him and dainty fingers held his calloused hands fast.","show"
"The Emperor Trajan had been gracious enough to build them of marbles after a devastating fire had destroyed the old wooden stands.","tell"
"Gaius’ fingers twitched in an urge to hold the reins.","show"
"Maybe others will come in later.","tell"
"It belonged to a middle aged patrician, a war-hero, called Pius Antonius.","tell"
"This was their ancestral home.","tell"
"Wine flowed like water and food was abundant.","show"
"Lucia’s laughter jingled out like a chandelier shattering to pieces.","show"
"He stumbled against something, which rolled away with a clatter.","tell"
"Then a glimmer of white came into view within the latticework of light and shade.","show"
"The sun played hide and seek with them through the leaves of the tree overhead.","show"
"I heard certain remarks that made me suspicious.","tell"
"The night was dark and hazy.","tell"
"It was past midnight, so nobody was around.","tell"
"Another shadow materialized from the trees to join him.","show"
"Gaius, for it was he, was well armed with a short sword used by legioneries and gladiators, known as gladius and a small but deadly dagger, known as pugio.","tell"
"The eastern sky was blushing like a new bride and the sun was rising in all its splendour as they climbed up the final crest of hills.","show"
"By daybreak the news of Cali’s absence had spread like wild fire.","show"
"Instantaneous silence reigned.","show"
"The crowds yelled their heads off.","tell"
"His calm visage did not show any sign of tiredness.","show"
"His whip was for self protection against assaults from other charioteers less scrupulous than he.","tell"
"Amidst thunderous roar from the thousands of voices drowning out the trumpets, the full seven lap race began.","show"
"Chariots trundled, hooves thundered and charioteers began blazing the trail!","tell"
"Chariots crashed into each other, horses got tangled and fell with flailing limbs.","tell"
"The crowd went berserk!","tell"
"It swiped the entire landscape in a one quick glance.","show"
"He could see the trees filled with green that stood up in the landscape in various places.","tell"
"The land had such lovely colours.","tell"
"Today the water didn’t fall from sky.","tell"
"But nothing happened to the blue blanket.","unknown"
"But the blue blanket never burned.","unknown"
"The occasional honks of the vehicles passing by were filling up the gaps between their multiple-course meals.","show"
"He could never dare to tell his family that feeding and raising so many members in the family would be ever challenging.","tell"
"The life in the village was easier.","tell"
"The God too wasn’t willing to show any mercy, the summers were already sucking the life out of their poor bodies.","show"
"The life would be easier if she tried to accept it, she told herself.","tell"
"A month before the marriage my own personal celebrations began.","tell"
"The hospital was in chaos.","tell"
"The situation was such that I was the sole neuro-specialist then.","tell"
"I had assisted Dr.Solanki in some surgeries, but those too were minor ones.","tell"
"My hands were sticky with perspiration and fine beads of sweat now adorned my forehead too.","show"
"Miracles do happen!","tell"
"My faith in God is firm now.","tell"
"Listening to them cheers me up and Amrita is totally clueless about what amuses me.","tell"
"A big crowd had gathered.","tell"
"From the outside it appeared to contain some boxes.","tell"
"Ranjan had seen it there, in a relatively quiet corner of the platform and it had excited his imagination.","tell"
"It had already cost him three cups of unnecessary tea, when he decided that enough was enough.","tell"
"All these goodies she had put in a gunny bag, covered the open end with a towel and had tied the handles with a string for ease of carrying.","tell"
"Both were highly skilled thieves whose field of activity was the Railway Platform.","tell"
"But now he had just heard an announcement that the express was late.","tell"
"In his huge experience he had seen that the passengers of trains that are late became more fed-up, annoyed and less alert.","tell"
"Kelo was just blowing into it to get it cooled a bit, when something came into his notice.","tell"
"But the voice coming in through the wires blew the sleepy threads in his brain away like a cobweb in a whirlwind.","show"
"The crowd around the unclaimed baggage had thinned out.","tell"
"Time is the best remedy for any emotional upheaval.","tell"
"The mutton was indeed tasty, as were the sweets.","tell"
"Common passengers were also happy with a bit less fare than it would have originally costed them, they reached to some point even though not to their destination.","tell"
"One thing what I have learnt from life is its simple unless you make it a complicated one.","tell"
"Happiness feels better if it is shared.","tell"
"Balanced means ensuring your health, relationships, mental peace are all in good order.","tell"
"Shopping is not enjoyable if your mind is full of tensions.","tell"
"It’s OK to fail sometimes.","tell"
"Life is always about creating yourself rather than finding yourself.","tell"
"His huge eyes bulged out of their sockets creating an uncertainty that they would fall off any second.","show"
"I stood still as he walked close to the girl, who seemed to be going somewhere pretty much watching her own business all the way along and suddenly, held her hand; more like, grabbed her wrist.","tell"
"I had played and replayed how this incident would go so many times in my head and thought about how good it would feel every single f**king night that I went to sleep that as I walked towards them, I felt as excited as a child on a lovely Christmas morning.","tell"
"His bitch-boys seemed to have noticed me first as they started to walk towards me.","tell"
"The other guy was still busy being all romantic and was completely oblivious even when I pulled out my 7 mm and waved it at his bitches, who scrammed from the scene faster than a piglet slipping out of a hound’s teeth.","tell"
"Well my predictions were impeccable.","tell"
"Because, the cream coloured trousers started to look a bit brownish as streams of urine flew on their insides.","tell"
"Ruling a kingdom was what bored him.","tell"
"The warfare was his only love.","tell"
"No man this world could decipher about what was about to unfold.","tell"
"Sitting on the high chair as the priest bestowed him with the sword of the king, Alexander emitted an aura that could surpass even zeus and the courtiers looked in awe..","tell"
"Days of dealing with heinous crimes had left him completely fatigued.","tell"
"Each day brought a new challenge and it all seemed a never-ending affair.","tell"
"Notwithstanding the awareness programmes conducted for the common public, the crime rate was rapidly escalating the charts.","tell"
"Panag decided to call his 18 year old daughter Nandini who stayed in her college hostel and was planning to visit him shortly.","tell"
"He tried calling her on the mobile but the continual beep sound meant that either the phone was switched off or the battery had completely discharged.","tell"
"One day a boy from her tuition who was quite popular sent her a friend request which she accepted.","tell"
"His words hit her heart like a bullet.","show"
"It was almost evening when the police arrived and took out the body which had by its own will not exposed itself to the natural light and fresh air for about three days but still seemed calmly live.","tell"
"It was calm but radiating brilliance.","tell"
"Those curious faces are only anticipating a drama to unfold.","show"
"While I still have an ever growing passion in novels and write poems to find my peace the wounds never heal.","tell"
"The bus wearily dragged itself on the upward slope, black fumes of exhaust polluting the cold heavy air.","show"
"The area around looked dry and barren .","tell"
"There was white dust everywhere and the chill wind blew into the very marrows of their bones.","tell"
"Not that making a good impression mattered anyway.","tell"
"After her mother’s death there was no longer anyone who really needed her.","tell"
"The work in the university no longer held any charms.","tell"
"The wife and kiddies would always win.","tell"
"The group later visited one of the small shrines of the pahadis.","tell"
"Everyone agreed it was worth all the hardship.","tell"
"A great peace filled her soul.","tell"
"Conversation started and we were friends.","tell"
"The web of lines appearing on his forehead showed his innumerable worries.","show"
"Her cry got even louder.","tell"
"He was overwhelmed; his eyes sparkled and watered.","tell"
"These evil forces can construct strongholds or negative force fields over given areas that attack all that are not sons and daughters of the creator.","tell"
"Marketplace reverberated with the sound & fury of her tirade that blared from the sound system.","show"
"The ghastly sight of her daughter jumping off the high rise building of her father’s corporate office on learning that her lover’s life was extinguished by her own father’s arrogance of wealth just could not be erased from her shattered mind.","show"
"Half expecting to be literally shot dead, the driver’s heart surged with relief when his master did not say another word to him and just drove on to office.","show"
"He met one such criminal whom he had once helped escape from chasing policemen and who was eager to return the favour.","tell"
"I checked on others, all were watching these ladies, but every face displaying some emotion, ‘is it compassion?’","tell"
"Finally last period ends.","tell"
"If one put his head out, surely his nose tip touch the next house.","show"
"My destination reached and I got down at museum, then after spending time on nothing any important, same as always, I slept.","tell"
"Next morning, my mobile kept ringing.","tell"
"A huge cracking sound filled the air immediately…","show"
"I am confused, my mind is blank now…","tell"
"Each word sounds like a 10 big bell clanging at the same moment, seconds stopped now ,except these words my ears are not capturing any sounds, silence fills out everywhere, my eyes started to dim.","show"
"This city taught you that there are places from which you learn nothing.","tell"
"A city college was hosting a fair and their entire class was attending.","tell"
"Her misgivings about moving to a bigger town seemed to finally abate.","tell"
"A long list of comments followed.","tell"
"Drops of tears slid down her cheeks.","show"
"Its legs are so thin or thinner than this pencil’s graphite I’m writing.","show"
"It ate something from the floor, probably some minute snacks pieces dropped by that boy who just flew in the previous flight.","tell"
"The craziest thing was I’ve never seen his profile and his family background.","tell"
"The real intention he is doing is to traumatise the people and threatened them for money purpose.","tell"
"As the cars exploded into shards of light, the group of friends taking selfies, ran toward it.","tell"
"Just as they reached, Blue boy’s phone rang,","tell"
"This sight fills me with penetrating warmth.","show"
"That passion, that kinda intimacy is as far away from you as the world from achieving peace.","show"
"Hence my mind drifts and places me in the adjoining compartment….","show"
"Next day, the local trains were back again on their tracks transporting public…","tell"
"a short announcement follows and the train moves…","tell"
"My wife opened the door but her gaze directly reached the gift wrapper which I had hold in my underarm.","show"
"But the tea also could not erase my fidgetiness.","show"
"Her reply made me more disturbed.","tell"
"And that special day also came in our lives when we both joined the same company but his CTC (cost to company) was much higher than mine.","tell"
"My cell phone’s screen flashed.","tell"
"My heart started pumping at double rate.","show"
"My hands were shivering.","show"
"My knees became weak.","show"
"My entire body went numb.","show"
"My brain stopped thinking.","show"
"The emotional impact of shock dazed me senseless.","show"
"And this was no time for sarcastic jokes and by now I had begun sweating heavily, my arms were hurting in the tight grip of this big man.","show"
"The beats were so hard that the stiff corpse shook each time she thumped.","tell"
"And then something totally unexpected happened.","tell"
"A small crowd had gathered in the waiting area.","tell"
"His calloused hands clamored over the clay in frenzy.","show"
"Her green eyes looked gleeful.","show"
"Time ceased to matter and all that he knew was he was getting closer to creating the divine.","tell"
"Despair embraced his being.","show"
"Lets make ourselves comfortable on the bed tonight.","tell"
"Things are never easy for anyone every one has to face life miseries and return back to face the world with an open heart.","tell"
"Success never came to any person easily but it came to those who worked hard and had a far sighted vision.","tell"
"The phone just kept ringing.t","tell"
"Her forehead is red and she has red claws too.","tell"
"As explained before, the site she had chosen was not quite nice.","tell"
"The cavity that she was drilling with her short beak was just above the junction.","tell"
"Also such a floor level helps the bird reach higher inside the branch.","tell"
"As cold arrives, the mink grows a new fur coat; birds fly south and the bear lubernates to reduce its metabolism through slumber.","tell"
"Building sustainable habitats is still a million dollar question for humans….","tell"
"Art, no matter in what form is a key to an access to divine realms of thoughts, visions and perceptions.","tell"
"The wavelengths just don’t align.","tell"
"Its always easy to say past is past , move on with your life, all fingers are not same … all these fancy sentences gave hope , but the hope and faith never lasted for a long duration.","tell"
"Cutting down the trees for firewood, my arms moved rhythmically, tirelessly as blade cut into bark.","show"
"It fell without a sound, its eyes fixed on me till they turned sightless.","show"
"Every step was agony, pincers of ice drawing blood from my frozen flesh…and my body ate its own self for nourishment.","show"
"my body ate its own self for nourishment.","show"
"But my palms folded in supplication.","show"
"Mighty peaks shuddered at my blow, as tones of snow thundered down the icy cliffs.","show"
"The wind carried the scent of death, and I knew that death to be my father’s.","show"
"The king claimed this miracle for his own, and when bribes of wealth did not suffice…","tell"
"The armies of the evil king rode out, intent on destroying me.","tell"
"And then I heard the song of blood flow as fire within me….","show"
"My palms are callused, and perhaps my bones grow weary, but the axe drives embers of pain within me, and the sight of it soothes me.","show"
"The waves rise up alarmedand the water foam with sudden fury.","show"
"The axe is fully red now…a reminder of my righteous wrath.","show"
"In my mountainous abode, boulders tumble into the valley below…","tell"
"The boy’s voice is sincere…","tell"
"The brats tried to forget their scars by hitting the parties and wallowing in booze.","tell"
"He ignores the paper and eats the chocolate but the paper falls on his head due to heavy wind.","tell"
"When the boy started to know the world, his life ended.","tell"
"The river was so sorry for almost blowing me, but she said she couldn’t help, the force was so enormous.","show"
"The villagers’ plea remained unheard, unnoticed and unattended.","tell"
"Days passed.","tell"
"The heat was unbearable.","tell"
"The river spoke soothing words.","show"
"Sometimes, whiskey wizens you, other times it makes you bold.","tell"
"She made herself into a round something, her hands on her bare bosom and legs bent inwards.","show"
"Her eyes full of tears, her face crumpled with agony.","show"
"The headlines were shouting.","show"
"His soulful works as a writer mainly stemmed from the complexities of his childhood.","tell"
"Good times, good music and most importantly great people disappear, and often in most bizarre ways.","tell"
"We(most of us), as humans, tend to believe whatever people spout about others.","tell"
"Just one thought lingered in her mind – only if my Mom had told me about the bad touch, only if she had taught me to be this courageous.","show"
"His eyes glittered like emeralds.","show"
"The royal court assembled in the cave palace to discuss the untimely death of the spineless porcupine.","tell"
"All the three told me that their boyfriends told them they started loving at first sight itself as they are attracted by their beauty and fairness.","tell"
"I waited few mins and a bus came slowly and stopped.","tell"
"The bus started to move and i looked outside  and there i saw a boy few meters away.","tell"
"I reached my college and as usual the classes went on and we chatted with full energy.","tell"
"Everything was usual but  i was not normal.","tell"
"My eyes wavered here and there to see whether he is around somewhere.","show"
"The bus will move now.","tell"
"My heart again started to beat fastly lubb dubb…","show"
"My hands started to shiver..","show"
"The spectators whosoever irrespective of ages and gender witnessed this exiting and thrilling match with holding their breath inside the stadium and outside of it on electronic media.","tell"
"And all alcohol, cigarette and weed was killing me slowly.","tell"
"Sure, he had several close friends who he could count on and who could count on him any time, any place.","tell"
"Within the next one hour, the entire story unfolded.","tell"
"Most of his squad mates were waiting near the garrison gates.","tell"
"The entire squad got down and entered the airport which had been cleared for their arrival.","tell"
"Everyone took their places and the plane took off with a shudder.","tell"
"The ancient aircraft took three hours to reach the city, double the time taken by commercial airplanes.","tell"
"The squad exited the airport and got into the city buses arranged to transport them to the contact point.","tell"
"Their use will be limited though, to ensure safety of the hostages.","tell"
"But the grenades used by the terrorists had caused the old, dry wooden furniture to catch fire and created a smoke screen for the terrorists to operate behind.","tell"
"The team quickly moved into the hotel lobby without meeting any opposition.","tell"
"The team took cover and returned fire.","tell"
"The team moved towards them and followed them to the upper floor.","tell"
"A ferocious gun battle took place between him and the terrorists.","tell"
"Finally the editor said the truth in a cool and suppressed tone.","tell"
"He never ate anything apart for the paan which perpetually was in his mouth and his mouth always in action of regurgitation…he just sat there under the tree until someone approached him.","tell"
"I know his frail body would not support him in coming years, he will not visit our locality and with him all my memories of summer will vanish.","show"
"The leaves seemed weak and ill due to cold.","tell"
"Rain had started to fall and the cruel wind separated the weak and ill leaves from their beloved branches.","show"
"Now the tears were running down his beautiful red cheeks.","show"
"The soil was wet with tears where he was sitting.","show"
"The faces were glistening with orange and yellow sparkles of angry flames.","show"
"Flames have wedged their way onto the next two houses in the same row.","show"
"His heart was pounding fast.","show"
"His athletic body took him less time to revitalize the breath than his dyslexic brain to regain the absolute senses.","show"
"A spooky thunder of guilt and fear struck him.","show"
"The tray has two plates with slices of bread on one and another has fried eggs.","tell"
"But what was about to come after this was a contrary, a night – a night with a darkness that can swallow the wails.","show"
"The sun drowned again behind the houses.","show"
"His every single step was crushing the parched ashes of the possessions of the unfortunate dwellers.","show"
"the dark clouds above me were just waiting for the threshold moment to arrive when the clouds couldn’t hold anymore.","show"
"The weather today morning in the town was best I have seen in years!!","tell"
"All religions must eventually merge into one and give way for a new ‘evolved’ religion.","tell"
"The exaggerated sounds of leaves rustling against the wind made it seem like an intense scene from a scary movie.","show"
"And their routine was that they kept speaking to each other over the mobile even when they were traveling back home from the station…..","tell"
"His both lips were tightly closed but his eyes were wide open like a lion.","show"
"All his time passes in gossiping with that man and now he starts liking him.","tell"
"His physical health deteriorated rapidly since that day but he is still living in some other lost world of cruel people.","tell"
"The dunes of blood soaked sand were skulking sporadically in the wind that was heavy with remorse.","show"
"His body was shivering; sweat trickled down from his forehead and soaked entire body in its disquieting dampness.","show"
"Their silent conversation made old man even more nervous.","tell"
"Her forehead was wrinkled and lumpy, eyelashes matted and shaggy; her eyes could see nothing but darkness.","show"
"Her yellow wrinkled face had almost dejected those dry crooked lips.","show"
"Her twisted legs could barely support her torso.","show"
"Next day, a panel of frogs sat to judge princess.","tell"
"The judgement of chief frog left everyone in the court anguished.","tell"
"Grieved by state of her dear princess, trout put a lantern in an empty space of head.","tell"
"The streets were empty as no one dared to come out in such extremely hot conditions.","tell"
"Her voice wasn’t husky, but rather smooth.","tell"
"Everything that I thought about her husband a minute ago turned out utterly wrong.","tell"
"The metallic sound faded away slowly as I walked away and soon it disappeared.","tell"
"He had never been antagonistic or apathetic towards his family, but now his debts kept him from providing them with comforts.","tell"
"But fairy tales were for children, not for grownups.","tell"
"And his current financial darkness seemed to be very protracted and insistent.","show"
"The temple procedures and the rituals go with clock-like regularity.","tell"
"One type of the preparation is the delicious and fragrant tamarind rice with a hot taste .","tell"
"The big brass lamps are lighted and there is fragrance of burning camphor and incense.","tell"
"The decorated deities shine in the dim light of oil lamps in the dark sanctum.","tell"
"Many family groups were still arriving some by car and others by foot.","tell"
"The pebbles were not too hard and appeared to be another form of sand stone.","tell"
"The easy separation of the encrusted pebbles from the crumbling rock walls is surely an interesting geological phenomenon.","tell"
"All this I happening so fast the next thing I saw is the referee finishing the count and then waving his arms to end the fight and then my crew rushed in to the ring to grab me.","tell"
"On the weekends, the folks dance to local swamp-pop bands.","tell"
"His stories always were bigger and better with each telling.","tell"
"A red bus thundered by.","show"
"The green monster thundered to a halt and its preys hounded it to ultimately disappear into its jaws.","show"
"The bus began moving.","tell"
"Claustrophobia tugged at his insides and he started retching.","show"
"Work was taking its toll on her physically.","show"
"Stress had transformed her beautiful face into a home for severe acne and wrinkles.","show"
"Strands of hair stuck together like fingers stuck between glue.","show"
"Her face sheltered countless blemishes from blackheads as dark as space to pimples that ranged like mountains.","show"
"Her face looked as though an atom bomb obliterated the filth off her face, leaving the remains of perfect skin.","show"
"His cheeks were rosy while his yellow hair was short and curly.","tell"
"There, unseen, unknown and unspoken rested a swarm of texts that he had ever written to the date…","show"
"With the brook of salt rolling down his cheek, his remorse grew stronger every instant.","show"
"Sacrifices, sacrifices and all time sacrifices are the only roots which are essential to grow up the tree of fame.","show"
"Scanner used in the checking of answer sheets chooses wrong bubbles and there is negative marking.","tell"
"My motive is to reflect women power through my words in a simple way!!!","tell"
"Tiny hands held me and waved me around so much my head started to spin.","tell"
"This life is invisible from our naked eyes and their life cycle is different from ours.","tell"
"A black car drives in and stops.","tell"
"This room has a factory like structure.","tell"
"Next day at film city the shooting continues.","tell"
"The shots have perfect exposure.","tell"
"The whole fight sequence is in circles, with the men in black coats attacking from all the directions.","tell"
"The film fetches good sum from selling satellite and home video rights.","tell"
"His not only the face resembles with mine , but his nose , his eyes , his lips etc. also, then why not thought , behaviour, action , art and style of living, the ways of ruling himself and others in right spirit and letters for the right cause.","tell"
"The last but not the least all must have a regular control over all these key factors.","tell"
"My head throbbed but I still sat up.","tell"
"It was twelve in the noon and yet the grass seemed fresh-green.","tell"
"His eyes glowed like wild-fire.","show"
"My legs began to shake.","show"
"My ears were so used to hear the hissing, nasal tone that the sweetness of the voice actually startled me.","tell"
"The shock immersed the family engulfing and paralysing the entire backbone of father and children alike.","show"
"But soon the tide leaped over sweeping away the body filled with motherly love, loosening the glue that bonded the people together, breaking the strands of rope called family.","show"
"The entire build up of emotions had now welled up and he could no longer contain them.","tell"
"Something inside him gave the courage of saying sorry and there began the first step of reconciliation towards life.","show"
"After lunch the conversation was over but by then we were connected.","tell"
"The howling became louder and sharper.","tell"
"My vision ended, and I awoke with a terrible feeling.","tell"
"His sight terrified me.","tell"
"My face was distorted, glasses shattered into pieces.","tell"
"The whole bathroom thundered and the lock on the stall door started to bend inward.","tell"
"I either have to be skeleton-thin or pot-bellied, anything in between is not our thing.","tell"
"Then my folks have this arduous believe that History as a subject won’t land me anywhere.","tell"
"Actually the main reason was my intrinsic attitude of procrastination that made me stick to my T.V set.","tell"
"The above piece is not trying to target any community.","tell"
"Nature’s every scuffle either destroys or transcripts something magical.","tell"
"Just when I was about to start, a very distinct sound of someone coughing scratched the silence.","show"
"Draped in that dark black,only her face was visible.","tell"
"The slightly faded red lipstick had few of its particles coated on the filter of the cigarette.","show"
"The rest, still on her lips along with with the magnificently sculptured eyes spewed in a silent enchantment.","show"
"The first foot I placed in the sand sank in the warm but silky sand, just like my life which sank into an abyss of melancholic darkness.","show"
"The most beautiful, glorious and the incredibly charm – filled tourist attraction of my city couldn’t spell its cast over me anymore as I was lost in a world which was ruled by “PERPETUAL SADNESS”.","show"
"Fear  came  into  play  now  pushing  aside  the  sadness  of  my  remorseful  heart.","show"
"The entire family is living their life in peace and harmony but destiny has its own plan.","tell"
"A smile spreads across my slightly wrinkled face.","show"
"My eyes get watery.","show"
"My first response was, definitely, a big laugh.","tell"
"Your drawing very clearly reveals that!","tell"
"Your painting had no description too.","tell"
"Then that mail had gone to the ‘sent’ folder.","tell"
"But, death has no such prejudices.","tell"
"The sea was an intimate part of their life and they trusted it always.","tell"
"Her body was found later and the only identification left on that destroyed dead body was her blue bikini.","tell"
"What is good and what is bad is also always in controversy.","tell"
"The good is bad when the beliefs get changed.","tell"
"Wine is bad in some communities.","tell"
"But her neighboring woman jasmine purchases every month many lottery tickets spending her fortunes, but her fortune of lottery tickets did not smile.","tell"
"This plan failed.","tell"
"After a great effort the rabbit’s team won.","tell"
"Life in the village has been running on the very normal pace since decades.","tell"
"Being a very small village but having its boundaries very close to a city, the village enjoyed the privileges that other villages are deprived of.","tell"
"Though it was never revealed openly but such kind of feeling existed in the minds.","tell"
"The backward class of sweepers lived alongside of crematorium.","tell"
"The Muslim law forbids the entry of non-namazies into any mosque.","tell"
"This customary aspect of life has never changed from last some decades.","tell"
"Summers were going off, continuous rains and the overcast climate cooled off the summers.","tell"
"The chilled air started blowing.","tell"
"Evenings were now chiller, oldies has to wear warm attires to rescue their feeble skeletons against chilling breezes.","show"
"The green fields sprayed with the contrast of white fog over, dew drops resting on the blades of grass.","show"
"Change in climate effects everything and much effect is on old people.","tell"
"The different tone of azaan entered the ears of different people giving them different mixed thoughts.","tell"
"Poor Ram left his ancestral village because others wanted him to.","tell"
"Though the loss of her father caused her depression but she fought it and made her family proud.","tell"
"Heavy rain in my village meant a slump in the sales with people choosing to stay indoors than leave their houses to grab a bite.","tell"
"The darkness in the atmosphere made me happy but now heavy rain means less business and the water seeps into the shop.","tell"
"Happiness lied in simple things.","tell"
"A flash of light, a shuddering explosion, I can feel myself being lifted off the ground and thrown against something hard, my shoulder emits a loud crack!","show"
"A loud melody of metal bending and scraping against bumpers began to play its raspy tune.","show"
"That fear only made me fight harder and soon I began to gain praise for my actions.","tell"
"The hood almost folded into itself down the middle where we struck the sign as the large lights on top fell down towards us and smashed the back window out in a huge parade of glass.","tell"
"The sharp edges showered towards the back of our heads as the car stalled in protest of its harsh treatment.","show"
"Life isn’t about conquering or succeeding, its not about learning either.","tell"
"Concept of vegetarian food simply mean food cooked with vegetables.","tell"
"Cities and localities have undeveloped connectivity.","tell"
"Power supply was disrupted, water  pipes damaged, mobile towers out of order and no communication with our relatives made life hell.","tell"
"Roads had been washed away, bridges had collapsed.","tell"
"Shelters were built for people whose homes had been destroyed,people wailed ,moaning cries shattered the peace of the once tranquil place.","tell"
"My house is my kingdom.","tell"
"He dialed his uncle’s number and the phone rang.","tell"
"With the improvement in technology the job of an individual in his day-to-day life is becoming easier.","tell"
"Development of technology in weapons is a major threat in maintaining the world peace.","tell"
"A sudden shout made us alert.","tell"
"The entire crowd prayed for the little 12-year old boy.","tell"
"Neither the police came first nor were the ambulance.","tell"
"The doc did not reveal the sex of foetus to her but he himself knew it was a girl and he also knew that it would only add to her woes.","tell"
"His thoroughly trained hands were doing their task but his mind was occupied by a cyclone of thoughts.","show"
"Over next few years the drowsy small face in her arms learned to smile, learned to laugh, learned to talk and learned everything except walking…","unknown"
"These films grab our attention and never let go which comes in handy in highlighting issues which do not get their due coverage.","tell"
"Films use a subtle approach towards a subject that catches the audience’s attention and turns it towards matters which were previously, upon being watched, considered mundane.","tell"
"Both local and national groups working with individuals who stutter acknowledge that this film has indeed raised the public awareness for the disorder and even empowered those who stutter.","tell"
"A film plays an integral role in helping the audience to connect with humanity and this connection in turn fuels change.","tell"
"A whirring, not unlike the motor of the projector was running in his mind and flashing disembodied clips of long forgotten days.","show"
"His clothes are very shiny by which it is easily understood by everybody that he belongs to a rich family.","tell"
"I was five years old and my right to jaw was strongest in the yard and their eldest daughter was seven years old and had beautiful golden hair.","tell"
"The defused light, the sonorous music, tinkling of glasses, the chit chat of ladies, and the pretentious smile all offered a nausea-tic feeling.","show"
"To think of getting presents for orphaned kids and spending quality time with them are indeed great acts of kindness.","tell"
"Every colour has its own beauty, because we appreciate the hair and eyes which are in black colour.","tell"
"Now the two people are not there, but their institutions are running well, as the stars of attraction.","tell"
"This time as the railway platform was empty the phone’s loud ringing disturbed even the birds in the nest above.","unknown"
"After growing up, he managed to keep away from hospital but that day suddenly the smell reminded him of those days and again made him weak and he felt like vomiting.","tell"
"The thing seems to be good for as may be the evil thing for other person’s view.","tell"
"Horn from the trains and the sound from the announcement speaker were the only noise in that station.","show"
"The city looked interesting with its traffic, people, weather and the black sky above with twinkling stars dotting it.","tell"
"The day marked completion of two years of his professional life in the firm he had been toiling, almost in a directionless manner.","tell"
"Pay was fine but frustration of doing something worthless everyday was taking toll on his existence in the worst possible manner.","unknown"
"The shrunken faces below moving on the roads and the blossoming stars dotting the sky were depicting a contrast.","show"
"The shining moon, the black sky and far way stars smiled at each other at all the innocence that slept below.","show"
"Her life guides me that there are problems, situations and people who wouldn’t appreciate the thoughts and ideas one has.","tell"
"You need time to think, to reflect but the idea is ridiculous because your time has already been wasted…","tell"
"Why our society has a square shaped mind & can’t think beyond it’s own self created prism.","tell"
"His lectures are well attended and girls simply drool over his mannerisms, which some feel to be mere affectations.","tell"
"The crescendo of expectation and anticipation, with the ultimate staging of his cherished project, had taken a big toll both on his health and his lungs.","show"
"Absurdity resides in that twilight zone where fiction meets with facts, where life encounters its mimetic reproduction, where fictional characters are brought to life by real-life ones.","show"
"While taking care of the passengers’ needs, this unit keeps supplying food and beverages invariably in disposable cups and plates and eateries like biscuits chips etc., in plastic / polythene wrappers.","tell"
"The department keeps advertising and keeps giving calls to general public through newspapers and media for collection of plastic, but seldom take any effort to lift the stuff available on railway tracks, roadsides or landfills.","tell"
"Work went smoothly in the office and she was so much happy and in the mean time one of her colleague started liking her and proposed her.","tell"
"Her spouse started expecting from her, things such as ideal wife who cooks food which he likes, who takes care of his family members and who does things ready for him and who is always willing to do good in romance .","tell"
"My irritation at his gesture prompted me to call him to front , face the class and give the reason for not writing the assignment.","tell"
"After half an hour run through scenes made stale by years of familiarity the taxi stops before our two-storied house.","show"
"The police in disguise by this time was just standing next to the beggar and were listening to him escaping his notice.","tell"
"The mental ache of a failed business and fruitless hard work of a weak body must have tired her.","show"
"The wrist watch she wore was not a cheap one which she must have acquired in her younger days.","tell"
"While for the others on the ground the noise just irritated them more, for that homeless guy the noise got clearer.","unknown"
"So the pressure wave initiated by the blast would make the building structures collapse and the people would be crushed under the debris.","tell"
"This honesty with devotion gives perfect shape to the work we do, this perfection will be recognized by the people using this work and thus honesty is what a person needs.","tell"
"This success is what everyone needs in his job and success turned honor turns a man as a great winner.","tell"
"Now, almost six hours later as they hustled along the narrow track on their return home their ordeal was without a doubt unfolded.","unknown"
"Small tributaries and streams emerged amongst the roots of the trees from all fronts pouring down hill and across the valley at a steady speed towards the main river.","tell"
"The hurricane season was upon the island again and there had been the alert on national radio the previous day.","tell"
"The raindrops bit into their faces as they run and the winds tore their lips away from their teeth.","show"
"endless running streams, the shrubs, debris and mud dragged the four to a slow pace until the winds permitted the abated foxtrot.","show"
"The roar of thunder, the patter of rain, the howling winds and the crack of lightening shattered the forest sanctuary and cut into the silence of their thoughts.","show"
"After walking briskly for twenty minutes the team came to the main highway where other family members were waiting and expecting them .","tell"
"Days passed, gradually the number of customers of his friend’s shop had decreased and the shop is being included to the phase of destruction.","tell"
"Only these steps will make our country and world as a whole safe for females living in our societies.","tell"
"Though the facility of calling and chatting with bosses on official id was smoothly available, but this job was giving me platform to explore my individual potential and to give my best in first job.","tell"
"The first job and the first boss always hold a special part in a person’s life as it arrives with the first transition phase in his life- from an immature careless and fun loving student to mature, responsible and work loving person.","tell"
"The first day went well, without hectic and drilling lecture session- the fear which has been always haunted me related to private organizations.","tell"
"And the whole credit goes to you that you gave me chance to perform and a platform to know and reshape my potential.","tell"
"A notable mental pain was creeping into her mind as she has never imagined her life beyond the boundaries, physical and mental, of her work domain.","show"
"None would scrutinize her for her late coming any day, leave alone this special day, as people saw lucid noble tributes in this lady and she had much more to offer to this organization than just her steno duty.","unknown"
"This encouraging story is just my imagination on how our soldiers, dedicate their whole life, and dies with dignity for motherland.","tell"
"Time comes when cadets are ready to prove themselves for what they learned and gained from their academic training.","tell"
"How such negative thoughts smother the best moments in life, dwarfing the small joys that actually count.","unknown"
"The white bobbed hair and wrinkly skin gave away her age, but the fire in her cat green eyes had never faded.","show"
"Medical provisions are free & inexpensive, many dreaded diseases can be cured now, still much feels lost & recovery is far stretched dream.","tell"
"She moved away but her desire to touch it still made her look at the gadget while she made a move.","unknown"
"Even the wind was silent on this night and the only light came from the crescent moon whose dim glow had to travel miles to reach this bleak spot.","show"
"But as he put the shovel in the ground again, it hit something harder and this time a hard clanky sound reached his ears.","unknown"
"Well the train was stopping at its usual speed and everyone was adjusting their locations so as to catch the correct coach.","tell"
"My face reached other people’s chest and i could do nothing except gulping in the foul smell which came from their armpits.","show"
"We reached the next station and then again a wave of many more helpless people who wanted to reach their home safely came rushing in.","tell"
"I reached the rim of his pocket and would have silently taken out his phone without letting him even noticing that all, but all credit to my bad luck, the train made a sudden stop and we all fell forward.","tell"
"Really bad thoughts made their way to my mind and i walked with him wherever he took me with my head down.","tell"
"The infernal, violent invasion into her sacred self demolished the temple and its sanctity, reducing her to abandon until it looked like a razed site.","show"
"Tears were flowing on her soft cheeks.","show"
"Tears streamlined from both her eyes till they trickled drop by drop from her chin dampening her saree.","show"
"He started walking towards the railway station that was about ten kilometers away, a matter of fifteen or twenty minutes on vehicle, but about an hour, if only he walked fast.","unknown"
"His team had often relied on him in times of crises and many a time he had made his side victorious.","tell"
"My memory suddenly flashed like a jigsaw puzzle to that day, the day that changed my life completely.","show"
"The most outstanding attribute of her makeup was the flashy bright red lipstick that was in an alarming contrast with her pale, fair skin and light hazel eyes.","show"
"She swayed in gracefully, her hair entailed a ballet like movement as she strode in through the door, her flimsy dress leaning carelessly off her shoulders and the very subtle pout in her lips were managing to nullify the tension and cruelty of the bundle of papers in her hand.","show"
"A deep cut, extending from the corner of her lower lip to her upper lip, dangerously exposing the damaged cerise flesh underneath, caught me off guard and made me stumble.","tell"
"His small earning had to feed me, my mother and my two elder sisters, along with himself.","tell"
"Soon a lady in a smart suit walked in from the right, her hair tied up, her cheeks untouched, and her hand held the day’s newspaper crushed between her fingers.","tell"
"A little drop of blood stained her panties, she touched it, feeling the pain, but her soul seemed to smile, success beckons.","unknown"
"If only she knew that taking contraceptives was the cause of her period not coming, this single piece of knowledge would have averted everything.","tell"
"Without preamble the pitch black, corrosive rainstorm began to rage.","show"
"With a small bow to his audience, the noble launched into his story, his voice suddenly commanding and deep, his violet eyes glazed over.","tell"
"The giant on the bar stool was chewing loudly on what, from the sounds of it, was a small, bony animal.","tell"
"Nothing they were ashamed of, but something they knew would hinder their ability to serve the realm if made public knowledge.","tell"
"The lights in the room dimmed and wavered, the shadows lengthened and twisted as if in agony.","show"
"A rainbow of pure white was painted across the sky and for a while the inn was completely silent.","tell"
"The raw material required for the factory was the eucalyptus wood from plantations in villages in the district and also in many neighboring districts.","tell"
"Then the stuff is boiled in room- size giant stainless steel boilers for perhaps one or two days and would become a paste.","tell"
"The gigantic factory and the township were at the two ends of the village at the very edge of the forest and were protected only by high walls topped by barbed wire.","tell"
"The only sport known to us was swimming and diving into the cool blue sea that always seemed to welcome us.","tell"
"Those bits and pieces of cloth that she had named as my swimming costume are now the so called ‘bikini’.","tell"
"Drops of coffee, with water and brush, waited from eternity for me to declare their union.","unknown"
"The seven and five year old siblings fought it hard, but the active hours posed a stumbling block.","tell"
"They played there with him around the stall and the three slept at night outside the stall on footpath.","tell"
"This winter, like every winter, they hadn’t had anything to shield them from the chilliness.","tell"
"The lone rag they had was tattered and worn out that made it inadequate to screen them from chilling cold.","tell"
"The blanket had a dark blue hue with numerous beautiful white sparkling stars spread all over it and a half moon smiling and bidding good night.","tell"
"Most never even seeing him standing just feet away from their polished machines….whole families riding together…","tell"
"His raven hair and twinkling, green eyes only served as distractions from his enchanting and gleaming smile.","show"
"The special bond that they had was beyond a coach and student one and more likely like a father and son bond.","tell"
"To give them a coin is not a solution to this; neither can it boost up their traits.","tell"
"Outside the gate no 1 of the colony, the traffic often merge out which sometimes turns out as the jam too.","tell"
"The couple smiled at each other and gave a coin to him for sake of their love and togetherness.","tell"
"Although aaditya was walking with him but mentally he was not present there, actually he was thinking of something else….","tell"
"She forgot all about the movie and ran for the exit, the hands were again somewhere on her breasts when she took the hand and bit it really hard.","tell"
"His eight project was big flop and he tried to overcome from that defeat but was unable to succeed in his next project also.","tell"
"He his having more ego than before and is in an intension to stop your growth in cinema field.","tell"
"The poisonous rage building up within the gentle wave, second by second, minute by minute, was enough to drive it mad.","show"
"The wave, now mutilated by rage and adrenaline, rises up and roars the loudest roar that it can muster at that very moment.","show"
"Living with his girlfriend, who he had been dating 7 years now, didn’t help with his time management as he had hoped.","tell"
"His father’s sudden demise made him lose his playful side, he became serious and got married to a woman of his mother’s choice and now had a 7-year-old son.","tell"
"His sadness about losing his father never really went away, his happiness for his son just took over him.","tell"
"After hearing mother’s trembling voice, tears started to run down his cheeks and his heart and gut felt this weird pain and pang that he’d never felt before.","show"
"She never felt lonelier in her house, that apartment never felt bigger, she never felt so smaller.","tell"
"The last she heard about him was that he had fallen in bad company and was caught selling cinema tickets in black.","tell"
"Love, indifference, hate, anger, greed and self-indulgence are traits that seem to exist in a bubble.","show"
"Who knew what each and every individual thought in that compartment- their lives, emotions, perceptions, attachments so different and yet so similar.","show"
"This tree was afraid of losing each leaf in its branches refused to give way even one leaf everyday.","unknown"
"The tree sent a mandate to all its leaves that no matter what happen none was expected to surrender in clinging themselves into its branches.","show"
"A screaming van filled with some native tourists passed him from a tattooed window some children are looking at him wondering what he is doing there.","tell"
"Life’s tough but still a nice song in your radio station channel may help you forget and forgive everything but the same rhythm goes on and on…","tell"
"Death and afterlife has been a subject of interest of mine, for almost a couple of decades now.","tell"
"It is sorrowful to see a farmer, who creates and cultivates crops, living in poverty, but by selling the same crops, the trader’s house is full of wealth.","tell"
"She looked like she hadn’t eaten for days; her clothes were in shreds, hair in knots, and a toe sticking out of one of her shoe.","tell"
"The name means, ‘paddy town’, for the village sits snugly like a lone island around acres and acres of emerald- green paddy fields, swaying like green sea waves,  in the soft breeze.","unknown"
"In the days gone by, the water was sweet to drink and the village ladies and girls carried away pots of water for cooking without worrying about pollution and germs.","tell"
"Further downstream where the river weaved away from the village, the villagers and dobhies, with no wells in their homes, washed clothes and bathed.","tell"
"The bank of the river was fringed by reed mace (or cattail as it is also called), and lengthy patches of elephant grass standing long and tall.","tell"
"In the slightly less murky waters further down where women still bathed, a litter of small plastics covers from shampoo sachets, used flattened tooth paste tubes, blue and green plastic oil bottles embedded in layers of larger plastic bags lay in the stagnant waters by the river side.","show"
"The tea stalls now used throw away cups and plates of plastic and every conceivable eatable and grocery items and food stuff came neatly wrapped and stapled in plastic bags.","tell"
"The coconut palms swayed, silhouetted against a furnace as a whiff of evening breeze stirred the gloom.","show"
"The plastic bags, bottles, containers have a ready market where recyclers buy it from you and recycle it to produce other objects.","tell"
"Every one volunteering picked up a stick each, which lay piled on a large flat stone near the drainage pit.","tell"
"The money trickling in from each house added up to a substantial amount, and the maids were quite pleased with their extra earnings and the housewives were happy with their clean streets.","tell"
"And thus the questions and answers went on and on until the sun began fading to slide into the folds of night.","show"
"My grades started falling drastically, and my report card got  adorned with many red ink in many subjects.","tell"
"His right elbow basing upon his right knee held his chin in a posture as if his face rested in his right palm.","show"
"Relationship itself is a challenge, but when one or both partners are struggling with their own issues it can become a bigger challenge and can be hard on both partners- the individual going through mental distress and also the partner who is unsure as to how to render help.","tell"
"The jester dreamt, first, a kingdom was in flame as neighboring kingdoms came to attack the borders.","tell"
"GIRLS want perfect figure at least not less than their favorite pop star or movie star, perfect hairs, best high heels, branded one piece, nail paint of every color matching to their respective dresses etc.","tell"
"The army suspected that the village has always been harbouring terrorists and so set up a permanent camp on the outskirts, even though a house-to-house search yielded nothing.","tell"
"Something which sometimes makes us believe in the impossible and yet at times drags us so low that we become blind of the obvious.","tell"
"Her laughter vibrated in his eardrums and he saw a blurred reflection of her adorable smile in the sky above.","show"
"His eyes widened and at an instant he understood what the man was referring to, the tiny sprinkles of light emerging from every corners and structures depicting its battle against the darkness.","show"
"The baby plant again grew healthy, cheerful, colourful and vibrant and started being herself and so was the mother.","tell"
"Her primary school black board flashed before her eyes, written with white chalk, the phrase, with which she used to end her diary writings.","unknown"
"Her presence merely matters to anyone, thousands of strangers saw her everyday neither did they know her nor did she know anyone.","tell"
"A lots of things were going on in her head with the same pace as she was walking.","tell"
"I started singing the song which was being played on my ipod, but deep inside my head, the thoughts still continued!!","tell"
"Beauty of color is volatile but the good character and behaviour remains with you untill or unless you die .","tell"
"The recent happenings had already made her stern and frozen, she was in no mood to waste her time and energy over such frivolous matters anymore.","tell"
"The silence of night was as chilling as the moon’s cool light that was falling on my head & face.","tell"
"And the referee blew the whistle for full time and the game went into the extra time; two halves of fifteen minutes each.","tell"
"The reaction of the crowd was beyond explanation, their joy was beyond measurement and they deserved it.","tell"
"Sweat dripping from his face and tea spilling from the sculpted necks of the kettles every time he jumps over a ditch.","tell"
"Almost everyone was likely to be his customer and of course nothing is better than a hot, steamy cup of tea in a chilling, inebriated morning.","tell"
"He was shivering of the cold, his beard all the over his body, he has not eaten for two days, his face has become pale and cheek bones protruding out..","tell"
"The lane was narrow and many other drivers had had similar thoughts, hence cramming their vehicles into the congested lane.","tell"
"The man’s face grew red and he snatched the driver’s shirt collar, shaking him violently.","tell"
"The younger boy’s heart went out to the driver, feeling embarrassed at such an erosion of respect and loss of self-esteem.","tell"
"When the older servant crumpled and threw the cup away, the boy’s feelings for him had evaporated.","tell"
"However, today the win was in his stride and he definitely looked good in spirits, but the boy, who came out looked sullen.","tell"
"With his hair ruffled and scrunched up into a knot on his head, he however looked surprisingly tired in the morning winter morning breeze.","tell"
"Another 15 minutes passed in lugging a rickshaw from metro and finally heading to his uncle’s shop and unloading the things.","tell"
"Tears in her eyes had made her vision so blurry that she was unable to see beyond this dark tunnel.","show"
"Beneath heavy eyebrows and dark, lush eyelashes, his ice-blue eyes smiled at me nearly as much as his soft wine-stained lips.","show"
"It had an angry little pink nose like a freshly picked scab, and one, just one, tiny little expressionless black eye; and as my eyes fell upon it, it opened its mouth to reveal rows of razor teeth, and hissed at me menacingly.","show"
"The letter said that a new maid had been appointed and that her services were no longer required.","tell"
"The sun was burning hot, but under the old weeping willows there was a cool breeze, and a rough wooden table, a wine pot, and a plate of cooked rice.","tell"
"Inside the bunglow some functions were going on and various highly qualified and ranked people was sitting around.","tell"
"He had always pined for a clean pair of sneakers and a classy leather strapped watch and somehow they always eluded him.","tell"
"Surprisingly, though he couldn’t move, all the dung just fell on his clothes and slid down without leaving a mark.","tell"
"The black car was spotless, its windows tainted, its steel insignia shining blindingly in the hot sun.","tell"
"While he looked at the car, the window shutter came down slowly, and a man wearing a white shirt and a crew cut looked at him and beckoned him.","tell"
"The furniture is nothing extraordinary, large wooden armchairs, king sized beds, everything you’d find in such an old mansion.","tell"
"Its very loud, almost deafening, madness, as if the whole villagers are shouting and dancing, a weird circus.","tell"
"The smile never quit her innocent face and the kind words never failed to show up whenever needed.","show"
"His tattered sweater and cotton pants, that had numerous patches on them, were not of much use.","tell"
"This story is not to hurt any one’s beliefs or practices but just a comical way presenting the ads and people practicing them.","tell"
"Nothing ever ends, everything is just a phase of life, which passes and starts something new with same feelings and some changed thoughts.","tell"
"Knowledge, humanity, studies are necessary to sustain a life but love, happiness; joy is what makes us to stay alive.","tell"
"Everyone is refreshed with the bright lights of a sun, rays of it catch up everything happening around but light rays of moon listens to the voice that your soul cries at the mid-night.","show"
"The police left the spot instantly taking the man with him while those at the hotel were shell shocked as to how can a brother kill his own brother?","tell"
"Slowly and steadily, his business grew and lots of tourists from across the globe came to visit the island and enjoy the beach side natural fantasies.","tell"
"His daily office chores included carrying his master’s laptop to and fro his master’s cozy cabin all hurdled with files, sweeping, wiping floor and dishes, shuttling files, documents etc. from ground floor to first and from first to second etc.","tell"
"But some other faces were also there, who were trying to darken the atmosphere with their evil  thoughts.","tell"
"The day arrived and they got married in their spectacular week-long wedding ceremony with all their friends attending it.","tell"
"The youngest through the window, looked inside, into a world that changed with the colors of his imagination.","tell"
"As she walked through the dark corridors, her heartbeat increased with every step she took and she sweated profusely.","show"
"Ahead, riddled with potholes, lay a two-way road, relentlessly swarming with livid, loud vehicles that are driven with such incessant urgency.","show"
"The college runs with 120 students, who praise highly about their college and are a major source of admissions.","tell"
"Unlike the regular examination, which tests the objectivity of students, this exam attempts to elicit the subjectivity in students.","tell"
"His mere glances are more than enough for the class to keep quiet and if he stares at a student his fate is sealed for a semester.","show"
"The change in management was evident very soon, with the management deciding to terminate the teacher who came last in the evaluation as a corrective measure.","tell"
"What looked like a usual circular had larger unforeseen implications, which came to the fore during examinations.","tell"
"As days progressed, the research team made good progress as research objectives were set, methodology was finalised and the team is all set for data collection.","tell"
"After many desperate efforts, a pimp has consented for interview but he placed a condition that he would accompany the prostitute when the interview is being conducted.","tell"
"Team was very much comfortable with this and a restaurant was set as the venue for their meeting.","tell"
"This pimp is very notorious as the accompanying prostitute is his own sister and is very infamous in the area for his dishonest and deceitful practices.","tell"
"Our house was a house near a short distance a family lived, in their family the husband – wife,their four children and lived an old grandmother.","tell"
"What uses of this if we can not serve them when we didn’t care when they were alive.","tell"
"As they were walking further, the ground started to become sandy and rough and in an instance, the sun rose.","tell"
"The wall behind me had no trace of grey on it because it had covered itself with a blanket of a dense green climber.","tell"
"The news elaborately explained how the actress fought against the deadly cancer and died at last on last day night.","tell"
"A smile flicked on my face to think about my stupid intelligence that often put me into such an embarrassing situation.","tell"
"A ‘faith’ on me, a belief on my inner strength has transformed the suffering into blessings.","tell"
"The house that cornered the lane is a two storeyed one with a ‘not so common and not so great looking’ caged balcony.","tell"
"The light yellow colour of the building had turned lighter by the various incessant forces often politely curbed under the term ‘weather phenomenon’.","tell"
"If some instrument possessed the power to assess the efficiency of a relationship, my relation with that ugly looking tin board would have fetched a good rating.","tell"
"The gusty breeze now had more pace amounting enough to induce a slight furor among my small reddish gelled hairs.","show"
"And the only benefit of education, they knew, was it made their sons capable of reading and writing letters.","tell"
"This he could do thanks to the dedication of his widowed mother who sold firewood and grass to educate him—whose only aim in life was to educate her son at any cost.","tell"
"His teaching method was so nice and appealing that every class preferred to be taught by the principal himself.","tell"
"Aah, that road has a very unique environment, kids playing, people bargaining, most uniquely moti also liked that road.","tell"
"Her own eyes filled with the memories of past times and tears rolled down from her pretty eyes and found its way to the manly jawline.","show"
"After she entered her office she greeted her colleagues and went to occupy her room,at that time her phone rang.","tell"
"The street mentioned was calm and no one was there except barking dog’s and some mentally challenged on roadside.","tell"
"The media had a field day when the bomb went off killing seven policemen, but sparing my feeble life.","tell"
"Each path had a different color stone for the feet, a different color rose for the decorative fence, and a different color butterfly for the guide.","tell"
"My spirit stirred, a whisper danced past my lips and down my throat, finding its way to my main artery, from which it began to pump confidence into my system.","show"
"The father’s face turned white, his throat got dry and his legs couldn’t hold him.","show"
"The sight was devastating, the city was engulfed in fire and the screams and howls of the tribals could be heard for miles.","show"
"The merciless sun was beating down on him, so he wraps his shirt over his head and realises he has no water, no food and has no idea how far civilization is.","tell"
"The worst police atrocities will lose against us and we shall go ahead to get what we deserve.","tell"
"He will shiver to see our strength, our will, our capacity to not give up; and so will a few others.","tell"
"Then a vacant seat appeared and the woman rushed to the seat and let the kid sit there comfortably.","tell"
"Before long, something in his pocket gave out a terrifyingly, loud noise, making both of us shoes nearly jump out of our leather.","tell"
"The trauma of separation from my familiar ground and the stress of having to be totally on my own had paralysed my thoughts giving me an emotional setback.","tell"
"My stomach hurt to see those sweet faces streaming with tears holding on to the hands of their guardians as if some evil force was about to snatch them away from safety.","show"
"Their absolute faith and trust in their teacher; instantly turns her into a hero, making her magnanimous figure.","tell"
"As he saw the delicious things inside a glass shelf, catching his eyes, heart and brain, with its captivating colours, his mouth became watery enough to sail a ship.","show"
"The boy started crying and told he hadn’t taken anything from the kid, but none heard him.","tell"
"The thatched roof, the leaking walls, the soiled floor, the place was dirty, not to my standard.","tell"
"Then the sun set and in the dark night he could see the bright moon covering his face in water as the dusk  gets darker.","tell"
"A stair from the first floor wounded up the lounge area in the ground floor converging at the main gate behind the reception area.","tell"
"On a snowy evening, as the chilled wind froze the tiny water droplets, every creature had comfortably tucked inside its dwelling.","show"
"Besides the soft falling flakes that created a beautiful painting in the air with its white fluffs, nature seemed to be in hibernation.","show"
"Scared of the unknown which was now hanging over her mind, the thought of remaining hungry and falling prey to any bigger creature was terrorizing her.","unknown"
"Life is not about eating, drinking, dressing, travelling and getting involve into your family problem only.","tell"
"Time is a precious gift doesn’t waste it, utilize it in a good manner, and do something for the wellness of your society .","tell"
"Humanism is a joyous alternative to religions that believe in a supernatural god and life in a hereafter.","tell"
"Humanism is a belief that when people are free to think for themselves, using reason and knowledge as their tools, they are best able to solve this world’s problems.","tell"
"The whole class was a bit surprised at the incongruity of the question, and it followed the inevitable; silence.","tell"
"My old sofa where i used to fall asleep unwillingly in the nights during my childhood is still the same…","tell"
"My room is full of books, fiction, non-fiction, notebooks for correction, magazines, answer sheets for correction.","tell"
"Some more tears joined forming a continuous line and she stood there stunned not caring one bit to wipe off the tears.","show"
"She took one last glance at the screen and the remorse grew out of bounds as she struggled to stand.","show"
"The pot fell from his trembling hands smashing into a thousand smithereens on the ground with the liquid quickly disappearing into the parched ground.","show"
"Somewhere, some were still sleeping without knowing gods plan or their clocks have stopped because till now there morning alarm have not rang…","tell"
